{
    "cpu_cycles_pass2_start": 27159028285091916,
    "cycles_program_begin": 27159016030870274,
    "LVLData": [
        "SIM"
    ],
    "perf": [
        {
            "sub": [
                {
                    "sub": [],
                    "stat": [
                        "doParsingAndDesignResolution",
                        "entry",
                        0.06265711784362793,
                        0.085986000000000007,
                        0.052991000000000003,
                        260984,
                        260988,
                        0.0,
                        0.0,
                        1596090463.942348,
                        27159016035376946
                    ]
                },
                {
                    "sub": [],
                    "stat": [
                        "doParsingAndDesignResolution",
                        "exit",
                        1.1811871528625488,
                        1.1748210000000001,
                        0.082987000000000005,
                        306592,
                        306592,
                        0.0,
                        0.0,
                        1596090465.060878,
                        27159018831602230
                    ]
                },
                {
                    "sub": [
                        {
                            "sub": [],
                            "stat": [
                                "doUptoVir2VcsNoSepCleanup",
                                "entry",
                                2.07961106300354,
                                2.044689,
                                0.10198400000000001,
                                308872,
                                309100,
                                0.0029989999999999999,
                                0.0029989999999999999,
                                1596090465.9593019,
                                27159021077580942
                            ]
                        },
                        {
                            "sub": [],
                            "stat": [
                                "doUptoVir2VcsNoSepCleanup",
                                "exit",
                                4.6376590728759766,
                                4.4203279999999996,
                                0.13897799999999999,
                                349708,
                                349720,
                                0.004999,
                                0.0069979999999999999,
                                1596090468.51735,
                                27159027472418428
                            ]
                        },
                        {
                            "sub": [],
                            "stat": [
                                "doRadify_vir2vcsAll",
                                "entry",
                                4.6378021240234375,
                                4.4203279999999996,
                                0.13897799999999999,
                                349708,
                                349720,
                                0.004999,
                                0.0069979999999999999,
                                1596090468.517493,
                                27159027472747414
                            ]
                        },
                        {
                            "sub": [],
                            "stat": [
                                "doRadify_vir2vcsAll",
                                "exit",
                                4.8882641792297363,
                                4.6672900000000004,
                                0.14297799999999999,
                                349708,
                                349720,
                                0.004999,
                                0.0069979999999999999,
                                1596090468.7679551,
                                27159028098912780
                            ]
                        }
                    ],
                    "stat": [
                        "doPostDesignResolutionToVir2Vcs",
                        "entry",
                        1.2430732250213623,
                        1.2188140000000001,
                        0.090985999999999997,
                        307904,
                        308168,
                        0.0029989999999999999,
                        0.0029989999999999999,
                        1596090465.1227641,
                        27159018986332794
                    ]
                },
                {
                    "sub": [],
                    "stat": [
                        "doPostDesignResolutionToVir2Vcs",
                        "exit",
                        4.8883261680603027,
                        4.6672900000000004,
                        0.14297799999999999,
                        349708,
                        349720,
                        0.004999,
                        0.0069979999999999999,
                        1596090468.7680171,
                        27159028098995400
                    ]
                },
                {
                    "sub": [
                        {
                            "sub": [],
                            "stat": [
                                "DoPass2",
                                "entry",
                                4.9627141952514648,
                                4.6872869999999995,
                                0.14497699999999999,
                                349712,
                                349724,
                                0.024996000000000001,
                                0.028995,
                                1596090468.8424051,
                                27159028285052694
                            ]
                        },
                        {
                            "sub": [],
                            "stat": [
                                "DoPass2",
                                "exit",
                                9.8807191848754883,
                                9.4265659999999993,
                                0.31795099999999998,
                                372124,
                                372152,
                                0.024996000000000001,
                                0.028995,
                                1596090473.7604101,
                                27159040579486626
                            ]
                        }
                    ],
                    "stat": [
                        "doGAToPass2",
                        "entry",
                        4.8883600234985352,
                        4.6672900000000004,
                        0.14297799999999999,
                        349708,
                        349720,
                        0.004999,
                        0.0069979999999999999,
                        1596090468.7680509,
                        27159028099095706
                    ]
                },
                {
                    "sub": [],
                    "stat": [
                        "doGAToPass2",
                        "exit",
                        10.050716161727905,
                        9.4365649999999999,
                        0.32495000000000002,
                        372100,
                        372152,
                        0.073987999999999998,
                        0.073987999999999998,
                        1596090473.930407,
                        27159041004470048
                    ]
                }
            ],